"   ","合约","日期","前收盘价","前结算价","开盘价","最高价","最低价","收盘价","结算价","涨跌1","涨跌2","成交量","成交金额","持仓量"
"1","jd1403","20131108","0.00","3800.00","4010.00","4012.00","3850.00","3868.00","3896.00","68.00","96.00","26968","1050934020.00","5256"
"2","jd1403","20131111","3868","3896.00","3860.00","3888.00","3851.00","3866.00","3877.00","-30.00","-19.00","5132","198992040.00","4260"
"3","jd1403","20131112","3866","3877.00","3867.00","3883.00","3858.00","3868.00","3870.00","-9.00","-7.00","1706","66028080.00","3970"
"4","jd1403","20131113","3868","3870.00","3859.00","3878.00","3859.00","3871.00","3871.00","1.00","1.00","1014","39261460.00","3502"
"5","jd1403","20131114","3871","3871.00","3881.00","3881.00","3850.00","3858.00","3864.00","-13.00","-7.00","1176","45446660.00","3164"
"6","jd1403","20131115","3858","3864.00","3861.00","3892.00","3860.00","3885.00","3880.00","21.00","16.00","1318","51146500.00","2570"
"7","jd1403","20131118","3885","3880.00","3890.00","3903.00","3880.00","3896.00","3892.00","16.00","12.00","772","30051760.00","2298"
"8","jd1403","20131119","3896","3892.00","3889.00","3895.00","3883.00","3890.00","3890.00","-2.00","-2.00","392","15251440.00","2124"
"9","jd1403","20131120","3890","3890.00","3891.00","3910.00","3884.00","3910.00","3900.00","20.00","10.00","450","17554280.00","2056"
"10","jd1403","20131121","3910","3900.00","3912.00","3914.00","3885.00","3886.00","3900.00","-14.00","0.00","320","12481740.00","1912"
"11","jd1403","20131122","3886","3900.00","3882.00","3906.00","3881.00","3899.00","3895.00","-1.00","-5.00","146","5687540.00","1816"
"12","jd1403","20131125","3899","3895.00","3895.00","3990.00","3893.00","3983.00","3943.00","88.00","48.00","1564","61674180.00","1208"
"13","jd1403","20131126","3983","3943.00","3972.00","3990.00","3964.00","3975.00","3974.00","32.00","31.00","276","10970500.00","1008"
"14","jd1403","20131127","3975","3974.00","3977.00","3977.00","3946.00","3958.00","3960.00","-16.00","-14.00","160","6337000.00","940"
"15","jd1403","20131128","3958","3960.00","3968.00","4009.00","3956.00","3981.00","3977.00","21.00","17.00","146","5807040.00","918"
"16","jd1403","20131129","3981","3977.00","3983.00","3985.00","3975.00","3983.00","3979.00","6.00","2.00","30","1193840.00","906"
"17","jd1403","20131202","3983","3979.00","3984.00","3984.00","3967.00","3969.00","3976.00","-10.00","-3.00","50","1988260.00","904"
"18","jd1403","20131203","3969","3976.00","3960.00","3990.00","3953.00","3972.00","3978.00","-4.00","2.00","238","9468540.00","844"
"19","jd1403","20131204","3972","3978.00","3973.00","3981.00","3962.00","3962.00","3966.00","-16.00","-12.00","38","1507440.00","836"
"20","jd1403","20131205","3962","3966.00","3960.00","3977.00","3960.00","3964.00","3968.00","-2.00","2.00","52","2063780.00","826"
"21","jd1403","20131206","3964","3968.00","3974.00","3974.00","3933.00","3953.00","3948.00","-15.00","-20.00","78","3080080.00","812"
"22","jd1403","20131209","3953","3948.00","3936.00","3962.00","3936.00","3942.00","3948.00","-6.00","0.00","20","789620.00","806"
"23","jd1403","20131210","3942","3948.00","3963.00","3993.00","3953.00","3954.00","3970.00","6.00","22.00","120","4764120.00","804"
"24","jd1403","20131211","3954","3970.00","3968.00","3981.00","3968.00","3975.00","3974.00","5.00","4.00","42","1669160.00","802"
"25","jd1403","20131212","3975","3974.00","3959.00","3973.00","3951.00","3958.00","3960.00","-16.00","-14.00","32","1267360.00","802"
"26","jd1403","20131213","3958","3960.00","3957.00","3957.00","3907.00","3920.00","3929.00","-40.00","-31.00","230","9036860.00","750"
"27","jd1403","20131216","3920","3929.00","3915.00","3924.00","3898.00","3914.00","3909.00","-15.00","-20.00","132","5160740.00","706"
"28","jd1403","20131217","3914","3909.00","3900.00","3928.00","3900.00","3916.00","3917.00","7.00","8.00","62","2428700.00","686"
"29","jd1403","20131218","3916","3917.00","3923.00","3930.00","3910.00","3910.00","3919.00","-7.00","2.00","66","2587180.00","640"
"30","jd1403","20131219","3910","3919.00","3904.00","3904.00","3840.00","3865.00","3860.00","-54.00","-59.00","258","9959920.00","618"
"31","jd1403","20131220","3865","3860.00","3830.00","3875.00","3830.00","3861.00","3859.00","1.00","-1.00","66","2547520.00","606"
"32","jd1403","20131223","3861","3859.00","3841.00","3888.00","3841.00","3871.00","3868.00","12.00","9.00","36","1392780.00","590"
"33","jd1403","20131224","3871","3868.00","3892.00","3894.00","3861.00","3890.00","3886.00","22.00","18.00","36","1398960.00","564"
"34","jd1403","20131225","3890","3886.00","3913.00","3924.00","3881.00","3887.00","3900.00","1.00","14.00","26","1014160.00","564"
"35","jd1403","20131226","3887","3900.00","3908.00","3908.00","3873.00","3891.00","3892.00","-9.00","-8.00","40","1557060.00","552"
"36","jd1403","20131227","3891","3892.00","3897.00","3909.00","3897.00","3897.00","3899.00","5.00","7.00","40","1559940.00","528"
"37","jd1403","20131230","3897","3899.00","3901.00","3947.00","3896.00","3930.00","3909.00","31.00","10.00","128","5003980.00","454"
"38","jd1403","20131231","3930","3909.00","3918.00","3940.00","3916.00","3940.00","3921.00","31.00","12.00","30","1176560.00","440"
"39","jd1404","20131108","0.00","3900.00","3849.00","4029.00","3849.00","3920.00","3925.00","20.00","25.00","236","9264360.00","38"
"40","jd1404","20131111","3920","3925.00","3912.00","3912.00","3912.00","3912.00","3912.00","-13.00","-13.00","2","78240.00","38"
"41","jd1404","20131112","3912","3912.00","3897.00","3898.00","3897.00","3898.00","3897.00","-14.00","-15.00","6","233860.00","36"
"42","jd1404","20131113","3898","3897.00","0.00","0.00","0.00","3897.00","3897.00","0.00","0.00","0","0.00","36"
"43","jd1404","20131114","3897","3897.00","3974.00","3975.00","3931.00","3935.00","3953.00","38.00","56.00","42","1660660.00","20"
"44","jd1404","20131115","3935","3953.00","3948.00","3968.00","3934.00","3934.00","3952.00","-19.00","-1.00","10","395200.00","18"
"45","jd1404","20131118","3934","3952.00","3967.00","3974.00","3967.00","3974.00","3972.00","22.00","20.00","8","317780.00","12"
"46","jd1404","20131119","3974","3972.00","3940.00","3993.00","3940.00","3993.00","3966.00","21.00","-6.00","4","158660.00","12"
"47","jd1404","20131120","3993","3966.00","0.00","0.00","0.00","3966.00","3966.00","0.00","0.00","0","0.00","12"
"48","jd1404","20131121","3966","3966.00","3994.00","3994.00","3994.00","3994.00","3994.00","28.00","28.00","2","79880.00","12"
"49","jd1404","20131122","3994","3994.00","4004.00","4034.00","3982.00","3990.00","3996.00","-4.00","2.00","30","1198980.00","22"
"50","jd1404","20131125","3990","3996.00","3977.00","4155.00","3977.00","4102.00","4045.00","106.00","49.00","34","1375500.00","26"
"51","jd1404","20131126","4102","4045.00","0.00","0.00","0.00","4086.00","4086.00","41.00","41.00","0","0.00","26"
"52","jd1404","20131127","4086","4086.00","4102.00","4102.00","4097.00","4097.00","4099.00","11.00","13.00","16","655920.00","26"
"53","jd1404","20131128","4097","4099.00","4098.00","4125.00","4076.00","4110.00","4103.00","11.00","4.00","38","1559180.00","16"
"54","jd1404","20131129","4110","4103.00","4112.00","4112.00","4036.00","4111.00","4101.00","8.00","-2.00","16","656260.00","10"
"55","jd1404","20131202","4111","4101.00","0.00","0.00","0.00","4101.00","4101.00","0.00","0.00","0","0.00","10"
"56","jd1404","20131203","4101","4101.00","4092.00","4108.00","4092.00","4108.00","4100.00","7.00","-1.00","4","164000.00","8"
"57","jd1404","20131204","4108","4100.00","0.00","0.00","0.00","4100.00","4100.00","0.00","0.00","0","0.00","8"
"58","jd1404","20131205","4100","4100.00","0.00","0.00","0.00","4100.00","4100.00","0.00","0.00","0","0.00","8"
"59","jd1404","20131206","4100","4100.00","4077.00","4077.00","4077.00","4077.00","4077.00","-23.00","-23.00","2","81540.00","8"
"60","jd1404","20131209","4077","4077.00","4104.00","4104.00","4104.00","4104.00","4104.00","27.00","27.00","2","82080.00","10"
"61","jd1404","20131210","4104","4104.00","4075.00","4075.00","4075.00","4075.00","4075.00","-29.00","-29.00","2","81500.00","8"
"62","jd1404","20131211","4075","4075.00","0.00","0.00","0.00","4097.00","4097.00","22.00","22.00","0","0.00","8"
"63","jd1404","20131212","4097","4097.00","4126.00","4130.00","4096.00","4130.00","4116.00","33.00","19.00","8","329280.00","8"
"64","jd1404","20131213","4130","4116.00","0.00","0.00","0.00","4084.00","4084.00","-32.00","-32.00","0","0.00","8"
"65","jd1404","20131216","4084","4084.00","0.00","0.00","0.00","4064.00","4064.00","-20.00","-20.00","0","0.00","8"
"66","jd1404","20131217","4064","4064.00","4097.00","4097.00","4030.00","4035.00","4061.00","-29.00","-3.00","16","649800.00","10"
"67","jd1404","20131218","4035","4061.00","0.00","0.00","0.00","4061.00","4061.00","0.00","0.00","0","0.00","10"
"68","jd1404","20131219","4061","4061.00","0.00","0.00","0.00","3990.00","3990.00","-71.00","-71.00","0","0.00","10"
"69","jd1404","20131220","3990","3990.00","3953.00","3955.00","3905.00","3955.00","3941.00","-35.00","-49.00","14","551780.00","10"
"70","jd1404","20131223","3955","3941.00","3919.00","3932.00","3919.00","3932.00","3927.00","-9.00","-14.00","6","235640.00","10"
"71","jd1404","20131224","3932","3927.00","0.00","0.00","0.00","3945.00","3945.00","18.00","18.00","0","0.00","10"
"72","jd1404","20131225","3945","3945.00","0.00","0.00","0.00","3945.00","3945.00","0.00","0.00","0","0.00","10"
"73","jd1404","20131226","3945","3945.00","0.00","0.00","0.00","3937.00","3937.00","-8.00","-8.00","0","0.00","10"
"74","jd1404","20131227","3937","3937.00","3942.00","3942.00","3942.00","3942.00","3942.00","5.00","5.00","8","315360.00","10"
"75","jd1404","20131230","3942","3942.00","0.00","0.00","0.00","3942.00","3942.00","0.00","0.00","0","0.00","10"
"76","jd1404","20131231","3942","3942.00","0.00","0.00","0.00","3942.00","3942.00","0.00","0.00","0","0.00","10"
"77","jd1405","20131108","0.00","4000.00","4050.00","4078.00","3970.00","3976.00","4010.00","-24.00","10.00","264550","10610770420.00","38942"
"78","jd1405","20131111","3976","4010.00","3982.00","3983.00","3932.00","3941.00","3949.00","-69.00","-61.00","148860","5879625560.00","44132"
"79","jd1405","20131112","3941","3949.00","3940.00","3970.00","3932.00","3951.00","3957.00","2.00","8.00","93396","3695680160.00","38812"
"80","jd1405","20131113","3951","3957.00","3946.00","3970.00","3935.00","3952.00","3958.00","-5.00","1.00","62148","2459827200.00","36600"
"81","jd1405","20131114","3952","3958.00","3958.00","3963.00","3939.00","3957.00","3952.00","-1.00","-6.00","37318","1475082780.00","32232"
"82","jd1405","20131115","3957","3952.00","3955.00","4015.00","3954.00","4013.00","3994.00","61.00","42.00","133512","5332990320.00","43098"
"83","jd1405","20131118","4013","3994.00","4015.00","4039.00","4003.00","4029.00","4025.00","35.00","31.00","108186","4354554340.00","50176"
"84","jd1405","20131119","4029","4025.00","4025.00","4036.00","4012.00","4023.00","4023.00","-2.00","-2.00","62266","2505124240.00","43000"
"85","jd1405","20131120","4023","4023.00","4025.00","4048.00","4016.00","4036.00","4036.00","13.00","13.00","59612","2405943260.00","43524"
"86","jd1405","20131121","4036","4036.00","4039.00","4039.00","4005.00","4010.00","4021.00","-26.00","-15.00","40740","1638528280.00","35924"
"87","jd1405","20131122","4010","4021.00","4012.00","4040.00","4006.00","4018.00","4024.00","-3.00","3.00","40808","1642293740.00","35390"
"88","jd1405","20131125","4018","4024.00","4021.00","4178.00","4021.00","4168.00","4138.00","144.00","114.00","275042","11382760000.00","70756"
"89","jd1405","20131126","4168","4138.00","4170.00","4180.00","4145.00","4162.00","4161.00","24.00","23.00","150308","6254687680.00","63964"
"90","jd1405","20131127","4162","4161.00","4166.00","4174.00","4123.00","4138.00","4145.00","-23.00","-16.00","119328","4947172200.00","59036"
"91","jd1405","20131128","4138","4145.00","4138.00","4193.00","4138.00","4174.00","4168.00","29.00","23.00","188778","7869206520.00","68226"
"92","jd1405","20131129","4174","4168.00","4179.00","4185.00","4156.00","4172.00","4170.00","4.00","2.00","90070","3755991400.00","66538"
"93","jd1405","20131202","4172","4170.00","4173.00","4190.00","4151.00","4162.00","4168.00","-8.00","-2.00","58520","2439190940.00","66024"
"94","jd1405","20131203","4162","4168.00","4160.00","4196.00","4140.00","4163.00","4169.00","-5.00","1.00","162642","6781261920.00","68806"
"95","jd1405","20131204","4163","4169.00","4166.00","4176.00","4150.00","4153.00","4160.00","-16.00","-9.00","66138","2751459920.00","68428"
"96","jd1405","20131205","4153","4160.00","4155.00","4181.00","4149.00","4159.00","4165.00","-1.00","5.00","86416","3599411460.00","66256"
"97","jd1405","20131206","4159","4165.00","4160.00","4180.00","4109.00","4131.00","4143.00","-34.00","-22.00","93086","3857274800.00","60776"
"98","jd1405","20131209","4131","4143.00","4138.00","4150.00","4130.00","4134.00","4139.00","-9.00","-4.00","43026","1780943660.00","60958"
"99","jd1405","20131210","4134","4139.00","4143.00","4190.00","4134.00","4155.00","4163.00","16.00","24.00","141624","5896888300.00","64268"
"100","jd1405","20131211","4155","4163.00","4161.00","4175.00","4149.00","4155.00","4162.00","-8.00","-1.00","68642","2857019020.00","63620"
"101","jd1405","20131212","4155","4162.00","4159.00","4172.00","4144.00","4153.00","4160.00","-9.00","-2.00","56068","2332954480.00","62124"
"102","jd1405","20131213","4153","4160.00","4147.00","4157.00","4090.00","4101.00","4121.00","-59.00","-39.00","78890","3251165100.00","59600"
"103","jd1405","20131216","4101","4121.00","4111.00","4119.00","4082.00","4088.00","4099.00","-33.00","-22.00","53850","2207455460.00","60532"
"104","jd1405","20131217","4088","4099.00","4091.00","4125.00","4091.00","4107.00","4109.00","8.00","10.00","56850","2336449460.00","58862"
"105","jd1405","20131218","4107","4109.00","4101.00","4122.00","4094.00","4098.00","4106.00","-11.00","-3.00","40438","1660661360.00","59594"
"106","jd1405","20131219","4098","4106.00","4093.00","4093.00","3962.00","3989.00","4000.00","-117.00","-106.00","221438","8858243400.00","66598"
"107","jd1405","20131220","3989","4000.00","3971.00","4000.00","3967.00","3982.00","3982.00","-18.00","-18.00","82202","3273659860.00","56724"
"108","jd1405","20131223","3982","3982.00","3957.00","3973.00","3933.00","3969.00","3957.00","-13.00","-25.00","69360","2745123980.00","57290"
"109","jd1405","20131224","3969","3957.00","3963.00","3994.00","3961.00","3982.00","3982.00","25.00","25.00","57416","2286784560.00","56144"
"110","jd1405","20131225","3982","3982.00","3985.00","4023.00","3980.00","3995.00","4003.00","13.00","21.00","62000","2482385340.00","56212"
"111","jd1405","20131226","3995","4003.00","4000.00","4017.00","3958.00","3973.00","3973.00","-30.00","-30.00","67728","2691209640.00","55866"
"112","jd1405","20131227","3973","3973.00","3972.00","3993.00","3965.00","3968.00","3979.00","-5.00","6.00","37100","1476515300.00","54554"
"113","jd1405","20131230","3968","3979.00","3970.00","4006.00","3967.00","3984.00","3988.00","5.00","9.00","47234","1883896960.00","52060"
"114","jd1405","20131231","3984","3988.00","3981.00","4000.00","3939.00","3951.00","3964.00","-37.00","-24.00","60322","2391315220.00","54984"
"115","jd1406","20131108","0.00","4100.00","4150.00","4151.00","4057.00","4065.00","4116.00","-35.00","16.00","178","7327220.00","54"
"116","jd1406","20131111","4065","4116.00","4051.00","4056.00","4035.00","4047.00","4045.00","-69.00","-71.00","94","3802800.00","68"
"117","jd1406","20131112","4047","4045.00","4051.00","4051.00","4051.00","4051.00","4051.00","6.00","6.00","2","81020.00","66"
"118","jd1406","20131113","4051","4051.00","4057.00","4062.00","4049.00","4051.00","4051.00","0.00","0.00","20","810340.00","52"
"119","jd1406","20131114","4051","4051.00","0.00","0.00","0.00","4051.00","4051.00","0.00","0.00","0","0.00","52"
"120","jd1406","20131115","4051","4051.00","4082.00","4098.00","4075.00","4098.00","4086.00","47.00","35.00","8","326900.00","48"
"121","jd1406","20131118","4098","4086.00","4092.00","4092.00","4092.00","4092.00","4092.00","6.00","6.00","6","245520.00","48"
"122","jd1406","20131119","4092","4092.00","4085.00","4085.00","4085.00","4085.00","4085.00","-7.00","-7.00","4","163400.00","44"
"123","jd1406","20131120","4085","4085.00","4133.00","4133.00","4100.00","4100.00","4116.00","15.00","31.00","4","164660.00","44"
"124","jd1406","20131121","4100","4116.00","4086.00","4086.00","4086.00","4086.00","4086.00","-30.00","-30.00","2","81720.00","46"
"125","jd1406","20131122","4086","4086.00","4113.00","4113.00","4113.00","4113.00","4113.00","27.00","27.00","2","82260.00","44"
"126","jd1406","20131125","4113","4113.00","4152.00","4245.00","4152.00","4217.00","4173.00","104.00","60.00","24","1001600.00","24"
"127","jd1406","20131126","4217","4173.00","4208.00","4256.00","4180.00","4220.00","4223.00","47.00","50.00","56","2365100.00","28"
"128","jd1406","20131127","4220","4223.00","4215.00","4215.00","4215.00","4215.00","4215.00","-8.00","-8.00","4","168600.00","28"
"129","jd1406","20131128","4215","4215.00","4196.00","4246.00","4196.00","4243.00","4224.00","28.00","9.00","10","422420.00","28"
"130","jd1406","20131129","4243","4224.00","4216.00","4226.00","4216.00","4226.00","4221.00","2.00","-3.00","4","168840.00","28"
"131","jd1406","20131202","4226","4221.00","0.00","0.00","0.00","4219.00","4219.00","-2.00","-2.00","0","0.00","28"
"132","jd1406","20131203","4219","4219.00","4170.00","4244.00","4170.00","4226.00","4213.00","7.00","-6.00","6","252800.00","26"
"133","jd1406","20131204","4226","4213.00","0.00","0.00","0.00","4213.00","4213.00","0.00","0.00","0","0.00","26"
"134","jd1406","20131205","4213","4213.00","4241.00","4241.00","4241.00","4241.00","4241.00","28.00","28.00","2","84820.00","26"
"135","jd1406","20131206","4241","4241.00","4197.00","4240.00","4197.00","4240.00","4211.00","-1.00","-30.00","28","1179160.00","10"
"136","jd1406","20131209","4240","4211.00","0.00","0.00","0.00","4211.00","4211.00","0.00","0.00","0","0.00","10"
"137","jd1406","20131210","4211","4211.00","0.00","0.00","0.00","4211.00","4211.00","0.00","0.00","0","0.00","10"
"138","jd1406","20131211","4211","4211.00","4276.00","4276.00","4276.00","4276.00","4276.00","65.00","65.00","2","85520.00","10"
"139","jd1406","20131212","4276","4276.00","4209.00","4209.00","4209.00","4209.00","4209.00","-67.00","-67.00","4","168360.00","10"
"140","jd1406","20131213","4209","4209.00","4259.00","4259.00","4178.00","4207.00","4222.00","-2.00","13.00","8","337820.00","10"
"141","jd1406","20131216","4207","4222.00","0.00","0.00","0.00","4193.00","4193.00","-29.00","-29.00","0","0.00","10"
"142","jd1406","20131217","4193","4193.00","0.00","0.00","0.00","4193.00","4193.00","0.00","0.00","0","0.00","10"
"143","jd1406","20131218","4193","4193.00","0.00","0.00","0.00","4193.00","4193.00","0.00","0.00","0","0.00","10"
"144","jd1406","20131219","4193","4193.00","4156.00","4156.00","4081.00","4110.00","4112.00","-83.00","-81.00","30","1233600.00","22"
"145","jd1406","20131220","4110","4112.00","4089.00","4125.00","4089.00","4125.00","4107.00","13.00","-5.00","4","164280.00","22"
"146","jd1406","20131223","4125","4107.00","4079.00","4079.00","4079.00","4079.00","4079.00","-28.00","-28.00","2","81580.00","22"
"147","jd1406","20131224","4079","4079.00","0.00","0.00","0.00","4079.00","4079.00","0.00","0.00","0","0.00","22"
"148","jd1406","20131225","4079","4079.00","4107.00","4122.00","4107.00","4116.00","4116.00","37.00","37.00","24","988060.00","6"
"149","jd1406","20131226","4116","4116.00","4090.00","4098.00","4057.00","4098.00","4089.00","-18.00","-27.00","20","817900.00","6"
"150","jd1406","20131227","4098","4089.00","4096.00","4096.00","4095.00","4095.00","4095.00","6.00","6.00","4","163820.00","8"
"151","jd1406","20131230","4095","4095.00","0.00","0.00","0.00","4095.00","4095.00","0.00","0.00","0","0.00","8"
"152","jd1406","20131231","4095","4095.00","4076.00","4076.00","4066.00","4066.00","4072.00","-29.00","-23.00","6","244360.00","6"
"153","jd1409","20131108","0.00","4300.00","4350.00","4409.00","4301.00","4312.00","4345.00","12.00","45.00","58352","2535885840.00","21342"
"154","jd1409","20131111","4312","4345.00","4309.00","4310.00","4269.00","4285.00","4287.00","-60.00","-58.00","12654","542564000.00","21956"
"155","jd1409","20131112","4285","4287.00","4274.00","4339.00","4274.00","4325.00","4320.00","38.00","33.00","19112","825702280.00","24874"
"156","jd1409","20131113","4325","4320.00","4329.00","4359.00","4315.00","4352.00","4343.00","32.00","23.00","15188","659639520.00","25882"
"157","jd1409","20131114","4352","4343.00","4358.00","4358.00","4331.00","4343.00","4342.00","0.00","-1.00","9654","419234160.00","24572"
"158","jd1409","20131115","4343","4342.00","4340.00","4385.00","4340.00","4377.00","4370.00","35.00","28.00","13356","583669640.00","25758"
"159","jd1409","20131118","4377","4370.00","4390.00","4390.00","4361.00","4368.00","4374.00","-2.00","4.00","11386","498062760.00","25646"
"160","jd1409","20131119","4368","4374.00","4360.00","4379.00","4355.00","4379.00","4367.00","5.00","-7.00","5500","240233500.00","24656"
"161","jd1409","20131120","4379","4367.00","4377.00","4389.00","4368.00","4378.00","4380.00","11.00","13.00","4788","209728980.00","24464"
"162","jd1409","20131121","4378","4380.00","4381.00","4381.00","4357.00","4363.00","4369.00","-17.00","-11.00","2914","127329060.00","23114"
"163","jd1409","20131122","4363","4369.00","4356.00","4380.00","4356.00","4367.00","4369.00","-2.00","0.00","1638","71565080.00","22672"
"164","jd1409","20131125","4367","4369.00","4376.00","4500.00","4371.00","4473.00","4462.00","104.00","93.00","22716","1013598580.00","25842"
"165","jd1409","20131126","4473","4462.00","4478.00","4495.00","4460.00","4472.00","4476.00","10.00","14.00","7536","337321360.00","26214"
"166","jd1409","20131127","4472","4476.00","4461.00","4488.00","4427.00","4442.00","4454.00","-34.00","-22.00","5478","244002360.00","26722"
"167","jd1409","20131128","4442","4454.00","4442.00","4483.00","4437.00","4466.00","4461.00","12.00","7.00","6070","270813480.00","27786"
"168","jd1409","20131129","4466","4461.00","4470.00","4475.00","4453.00","4465.00","4464.00","4.00","3.00","1838","82052180.00","27634"
"169","jd1409","20131202","4465","4464.00","4470.00","4479.00","4450.00","4461.00","4461.00","-3.00","-3.00","2768","123507360.00","27786"
"170","jd1409","20131203","4461","4461.00","4456.00","4481.00","4434.00","4451.00","4454.00","-10.00","-7.00","6146","273803520.00","28602"
"171","jd1409","20131204","4451","4454.00","4459.00","4469.00","4442.00","4445.00","4451.00","-9.00","-3.00","2208","98283460.00","28140"
"172","jd1409","20131205","4445","4451.00","4445.00","4464.00","4441.00","4442.00","4451.00","-9.00","0.00","1606","71497400.00","28374"
"173","jd1409","20131206","4442","4451.00","4448.00","4456.00","4403.00","4417.00","4424.00","-34.00","-27.00","3578","158293500.00","28390"
"174","jd1409","20131209","4417","4424.00","4424.00","4440.00","4418.00","4420.00","4427.00","-4.00","3.00","1930","85457420.00","27716"
"175","jd1409","20131210","4420","4427.00","4427.00","4460.00","4425.00","4436.00","4442.00","9.00","15.00","3152","140024440.00","27540"
"176","jd1409","20131211","4436","4442.00","4445.00","4445.00","4426.00","4430.00","4433.00","-12.00","-9.00","1680","74476140.00","27362"
"177","jd1409","20131212","4430","4433.00","4431.00","4453.00","4430.00","4435.00","4441.00","2.00","8.00","3574","158738180.00","27278"
"178","jd1409","20131213","4435","4441.00","4439.00","4439.00","4382.00","4386.00","4405.00","-55.00","-36.00","3696","162820580.00","26486"
"179","jd1409","20131216","4386","4405.00","4386.00","4399.00","4368.00","4370.00","4378.00","-35.00","-27.00","2266","99217400.00","26712"
"180","jd1409","20131217","4370","4378.00","4368.00","4399.00","4368.00","4393.00","4387.00","15.00","9.00","2468","108289340.00","26126"
"181","jd1409","20131218","4393","4387.00","4399.00","4400.00","4382.00","4383.00","4389.00","-4.00","2.00","1264","55485140.00","25778"
"182","jd1409","20131219","4383","4389.00","4372.00","4372.00","4260.00","4292.00","4303.00","-97.00","-86.00","15484","666320920.00","24232"
"183","jd1409","20131220","4292","4303.00","4290.00","4317.00","4283.00","4294.00","4297.00","-9.00","-6.00","4806","206524300.00","24204"
"184","jd1409","20131223","4294","4297.00","4290.00","4290.00","4261.00","4277.00","4274.00","-20.00","-23.00","3768","161081820.00","23610"
"185","jd1409","20131224","4277","4274.00","4260.00","4302.00","4260.00","4289.00","4289.00","15.00","15.00","1428","61247440.00","23660"
"186","jd1409","20131225","4289","4289.00","4299.00","4330.00","4290.00","4305.00","4311.00","16.00","22.00","2568","110721540.00","23984"
"187","jd1409","20131226","4305","4311.00","4318.00","4319.00","4272.00","4278.00","4280.00","-33.00","-31.00","1818","77813820.00","23564"
"188","jd1409","20131227","4278","4280.00","4276.00","4299.00","4273.00","4275.00","4287.00","-5.00","7.00","1662","71254720.00","23842"
"189","jd1409","20131230","4275","4287.00","4275.00","4299.00","4275.00","4286.00","4288.00","-1.00","1.00","2104","90234640.00","24102"
"190","jd1409","20131231","4286","4288.00","4286.00","4298.00","4237.00","4247.00","4256.00","-41.00","-32.00","3308","140796400.00","24386"
"191","jd1410","20131108","0.00","4200.00","4200.00","4252.00","4109.00","4200.00","4199.00","0.00","-1.00","428","17973800.00","94"
"192","jd1410","20131111","4200","4199.00","4260.00","4260.00","4179.00","4186.00","4189.00","-13.00","-10.00","62","2597240.00","88"
"193","jd1410","20131112","4186","4189.00","4221.00","4259.00","4209.00","4226.00","4224.00","37.00","35.00","18","760440.00","82"
"194","jd1410","20131113","4226","4224.00","4225.00","4240.00","4213.00","4213.00","4233.00","-11.00","9.00","18","762060.00","70"
"195","jd1410","20131114","4213","4233.00","4240.00","4240.00","4240.00","4240.00","4240.00","7.00","7.00","4","169600.00","66"
"196","jd1410","20131115","4240","4240.00","4246.00","4270.00","4245.00","4260.00","4258.00","20.00","18.00","14","596240.00","58"
"197","jd1410","20131118","4260","4258.00","4253.00","4258.00","4250.00","4250.00","4254.00","-8.00","-4.00","8","340340.00","60"
"198","jd1410","20131119","4250","4254.00","0.00","0.00","0.00","4254.00","4254.00","0.00","0.00","0","0.00","60"
"199","jd1410","20131120","4254","4254.00","0.00","0.00","0.00","4254.00","4254.00","0.00","0.00","0","0.00","60"
"200","jd1410","20131121","4254","4254.00","0.00","0.00","0.00","4254.00","4254.00","0.00","0.00","0","0.00","60"
"201","jd1410","20131122","4254","4254.00","4250.00","4250.00","4250.00","4250.00","4250.00","-4.00","-4.00","8","340000.00","52"
"202","jd1410","20131125","4250","4250.00","4286.00","4340.00","4286.00","4340.00","4310.00","90.00","60.00","8","344840.00","58"
"203","jd1410","20131126","4340","4310.00","4351.00","4351.00","4351.00","4351.00","4351.00","41.00","41.00","2","87020.00","60"
"204","jd1410","20131127","4351","4351.00","4358.00","4358.00","4320.00","4335.00","4332.00","-16.00","-19.00","40","1732900.00","52"
"205","jd1410","20131128","4335","4332.00","4362.00","4380.00","4350.00","4352.00","4361.00","20.00","29.00","32","1395600.00","54"
"206","jd1410","20131129","4352","4361.00","4365.00","4376.00","4365.00","4376.00","4371.00","15.00","10.00","12","524560.00","56"
"207","jd1410","20131202","4376","4371.00","0.00","0.00","0.00","4371.00","4371.00","0.00","0.00","0","0.00","56"
"208","jd1410","20131203","4371","4371.00","4341.00","4411.00","4341.00","4374.00","4375.00","3.00","4.00","6","262520.00","54"
"209","jd1410","20131204","4374","4375.00","4350.00","4353.00","4350.00","4353.00","4351.00","-22.00","-24.00","6","261100.00","52"
"210","jd1410","20131205","4353","4351.00","4347.00","4347.00","4347.00","4347.00","4347.00","-4.00","-4.00","4","173880.00","50"
"211","jd1410","20131206","4347","4347.00","4333.00","4333.00","4333.00","4333.00","4333.00","-14.00","-14.00","2","86660.00","48"
"212","jd1410","20131209","4333","4333.00","4354.00","4354.00","4354.00","4354.00","4354.00","21.00","21.00","2","87080.00","48"
"213","jd1410","20131210","4354","4354.00","0.00","0.00","0.00","4354.00","4354.00","0.00","0.00","0","0.00","48"
"214","jd1410","20131211","4354","4354.00","0.00","0.00","0.00","4354.00","4354.00","0.00","0.00","0","0.00","48"
"215","jd1410","20131212","4354","4354.00","0.00","0.00","0.00","4354.00","4354.00","0.00","0.00","0","0.00","48"
"216","jd1410","20131213","4354","4354.00","4324.00","4324.00","4324.00","4324.00","4324.00","-30.00","-30.00","4","172960.00","46"
"217","jd1410","20131216","4324","4324.00","4337.00","4337.00","4337.00","4337.00","4337.00","13.00","13.00","2","86740.00","46"
"218","jd1410","20131217","4337","4337.00","4328.00","4328.00","4328.00","4328.00","4328.00","-9.00","-9.00","4","173120.00","46"
"219","jd1410","20131218","4328","4328.00","4315.00","4315.00","4315.00","4315.00","4315.00","-13.00","-13.00","2","86300.00","46"
"220","jd1410","20131219","4315","4315.00","4302.00","4302.00","4252.00","4252.00","4264.00","-63.00","-51.00","26","1108800.00","42"
"221","jd1410","20131220","4252","4264.00","4250.00","4263.00","4250.00","4263.00","4254.00","-1.00","-10.00","12","510580.00","44"
"222","jd1410","20131223","4263","4254.00","4234.00","4253.00","4232.00","4250.00","4244.00","-4.00","-10.00","22","933860.00","36"
"223","jd1410","20131224","4250","4244.00","4269.00","4269.00","4269.00","4269.00","4269.00","25.00","25.00","2","85380.00","38"
"224","jd1410","20131225","4269","4269.00","4436.00","4436.00","4280.00","4295.00","4335.00","26.00","66.00","22","953760.00","50"
"225","jd1410","20131226","4295","4335.00","4265.00","4265.00","4265.00","4265.00","4265.00","-70.00","-70.00","2","85300.00","50"
"226","jd1410","20131227","4265","4265.00","4267.00","4267.00","4267.00","4267.00","4267.00","2.00","2.00","4","170680.00","48"
"227","jd1410","20131230","4267","4267.00","4277.00","4283.00","4277.00","4283.00","4280.00","16.00","13.00","4","171200.00","48"
"228","jd1410","20131231","4283","4280.00","4236.00","4236.00","4236.00","4236.00","4236.00","-44.00","-44.00","2","84720.00","48"
"229","jd1411","20131118","4299","4299.00","0.00","0.00","0.00","4295.00","4295.00","-4.00","-4.00","0","0.00","0"
"230","jd1411","20131119","4295","4295.00","0.00","0.00","0.00","4289.00","4289.00","-6.00","-6.00","0","0.00","0"
"231","jd1411","20131120","4289","4289.00","0.00","0.00","0.00","4258.00","4258.00","-31.00","-31.00","0","0.00","0"
"232","jd1411","20131121","4258","4258.00","0.00","0.00","0.00","4256.00","4256.00","-2.00","-2.00","0","0.00","0"
"233","jd1411","20131122","4256","4256.00","0.00","0.00","0.00","4252.00","4252.00","-4.00","-4.00","0","0.00","0"
"234","jd1411","20131125","4252","4252.00","0.00","0.00","0.00","4252.00","4252.00","0.00","0.00","0","0.00","0"
"235","jd1411","20131126","4252","4252.00","4363.00","4363.00","4363.00","4363.00","4363.00","111.00","111.00","2","87260.00","2"
"236","jd1411","20131127","4363","4363.00","4305.00","4306.00","4305.00","4306.00","4305.00","-57.00","-58.00","4","172220.00","4"
"237","jd1411","20131128","4306","4305.00","0.00","0.00","0.00","4305.00","4305.00","0.00","0.00","0","0.00","4"
"238","jd1411","20131129","4305","4305.00","4355.00","4355.00","4344.00","4346.00","4349.00","41.00","44.00","10","434900.00","10"
"239","jd1411","20131202","4346","4349.00","0.00","0.00","0.00","4349.00","4349.00","0.00","0.00","0","0.00","10"
"240","jd1411","20131203","4349","4349.00","4352.00","4353.00","4352.00","4353.00","4352.00","4.00","3.00","4","174100.00","12"
"241","jd1411","20131204","4353","4352.00","4336.00","4336.00","4336.00","4336.00","4336.00","-16.00","-16.00","2","86720.00","12"
"242","jd1411","20131205","4336","4336.00","0.00","0.00","0.00","4336.00","4336.00","0.00","0.00","0","0.00","12"
"243","jd1411","20131206","4336","4336.00","4313.00","4313.00","4313.00","4313.00","4313.00","-23.00","-23.00","2","86260.00","12"
"244","jd1411","20131209","4313","4313.00","0.00","0.00","0.00","4313.00","4313.00","0.00","0.00","0","0.00","12"
"245","jd1411","20131210","4313","4313.00","0.00","0.00","0.00","4313.00","4313.00","0.00","0.00","0","0.00","12"
"246","jd1411","20131211","4313","4313.00","0.00","0.00","0.00","4319.00","4319.00","6.00","6.00","0","0.00","12"
"247","jd1411","20131212","4319","4319.00","0.00","0.00","0.00","4333.00","4333.00","14.00","14.00","0","0.00","12"
"248","jd1411","20131213","4333","4333.00","4306.00","4306.00","4292.00","4292.00","4299.00","-41.00","-34.00","4","171960.00","12"
"249","jd1411","20131216","4292","4299.00","0.00","0.00","0.00","4299.00","4299.00","0.00","0.00","0","0.00","12"
"250","jd1411","20131217","4299","4299.00","0.00","0.00","0.00","4299.00","4299.00","0.00","0.00","0","0.00","12"
"251","jd1411","20131218","4299","4299.00","0.00","0.00","0.00","4299.00","4299.00","0.00","0.00","0","0.00","12"
"252","jd1411","20131219","4299","4299.00","4249.00","4249.00","4219.00","4219.00","4238.00","-80.00","-61.00","6","254300.00","14"
"253","jd1411","20131220","4219","4238.00","0.00","0.00","0.00","4238.00","4238.00","0.00","0.00","0","0.00","14"
"254","jd1411","20131223","4238","4238.00","0.00","0.00","0.00","4220.00","4220.00","-18.00","-18.00","0","0.00","14"
"255","jd1411","20131224","4220","4220.00","0.00","0.00","0.00","4220.00","4220.00","0.00","0.00","0","0.00","14"
"256","jd1411","20131225","4220","4220.00","0.00","0.00","0.00","4220.00","4220.00","0.00","0.00","0","0.00","14"
"257","jd1411","20131226","4220","4220.00","0.00","0.00","0.00","4220.00","4220.00","0.00","0.00","0","0.00","14"
"258","jd1411","20131227","4220","4220.00","0.00","0.00","0.00","4220.00","4220.00","0.00","0.00","0","0.00","14"
"259","jd1411","20131230","4220","4220.00","0.00","0.00","0.00","4220.00","4220.00","0.00","0.00","0","0.00","14"
"260","jd1411","20131231","4220","4220.00","4205.00","4205.00","4205.00","4205.00","4205.00","-15.00","-15.00","2","84100.00","16"
"261","jd1412","20131217","4374","4374.00","0.00","0.00","0.00","4374.00","4374.00","0.00","0.00","0","0.00","0"
"262","jd1412","20131218","4374","4374.00","0.00","0.00","0.00","4352.00","4352.00","-22.00","-22.00","0","0.00","0"
"263","jd1412","20131219","4352","4352.00","0.00","0.00","0.00","4290.00","4290.00","-62.00","-62.00","0","0.00","0"
"264","jd1412","20131220","4290","4290.00","0.00","0.00","0.00","4275.00","4275.00","-15.00","-15.00","0","0.00","0"
"265","jd1412","20131223","4275","4275.00","0.00","0.00","0.00","4252.00","4252.00","-23.00","-23.00","0","0.00","0"
"266","jd1412","20131224","4252","4252.00","0.00","0.00","0.00","4252.00","4252.00","0.00","0.00","0","0.00","0"
"267","jd1412","20131225","4252","4252.00","0.00","0.00","0.00","4252.00","4252.00","0.00","0.00","0","0.00","0"
"268","jd1412","20131226","4252","4252.00","0.00","0.00","0.00","4238.00","4238.00","-14.00","-14.00","0","0.00","0"
"269","jd1412","20131227","4238","4238.00","0.00","0.00","0.00","4238.00","4238.00","0.00","0.00","0","0.00","0"
"270","jd1412","20131230","4238","4238.00","0.00","0.00","0.00","4238.00","4238.00","0.00","0.00","0","0.00","0"
"271","jd1412","20131231","4238","4238.00","0.00","0.00","0.00","4229.00","4229.00","-9.00","-9.00","0","0.00","0"
